,player,season,award_share,predictions,per,ws,ws_per_48,bpm,player,season,award_share,predictions,per,ws,ws_per_48,bpm
0,Stephen Curry,2015-16,1.0,0.007,31.5,17.9,0.318,12.5,Stephen Curry,2015-16,1.0,0.007,31.5,17.9,0.318,12.5
1,Kawhi Leonard,2015-16,0.484,0.028,26.0,13.7,0.27699999999999997,8.3,Kawhi Leonard,2015-16,0.484,0.028,26.0,13.7,0.27699999999999997,8.3
2,LeBron James,2015-16,0.48200000000000004,0.1773333333333333,27.5,13.6,0.242,9.1,LeBron James,2015-16,0.48200000000000004,0.1773333333333333,27.5,13.6,0.242,9.1
3,Russell Westbrook,2015-16,0.371,0.014,27.6,14.0,0.245,10.0,Russell Westbrook,2015-16,0.371,0.014,27.6,14.0,0.245,10.0
4,Kevin Durant,2015-16,0.11199999999999999,0.007,28.2,14.5,0.27,7.9,Kevin Durant,2015-16,0.11199999999999999,0.007,28.2,14.5,0.27,7.9
5,Chris Paul,2015-16,0.08199999999999999,0.028,26.2,12.7,0.253,7.8,Chris Paul,2015-16,0.08199999999999999,0.028,26.2,12.7,0.253,7.8
