,player,season,award_share,predictions,votes_first,per,ws,ws_per_48,bpm,all_star_share,player,season,award_share,predictions,votes_first,per,ws,ws_per_48,bpm,all_star_share
0,Stephen Curry,2015-16,1.0,0.9819630000000102,131.0,31.5,17.9,0.318,12.5,0.069,Stephen Curry,2015-16,1.0,0.9819630000000102,131.0,31.5,17.9,0.318,12.5,0.069
1,Kawhi Leonard,2015-16,0.484,0.15501600000000076,0.0,26.0,13.7,0.27699999999999997,8.3,0.006,Kawhi Leonard,2015-16,0.484,0.15501600000000076,0.0,26.0,13.7,0.27699999999999997,8.3,0.006
2,LeBron James,2015-16,0.48200000000000004,0.1640009999999997,0.0,27.5,13.6,0.242,9.1,0.067,LeBron James,2015-16,0.48200000000000004,0.1640009999999997,0.0,27.5,13.6,0.242,9.1,0.067
3,Russell Westbrook,2015-16,0.371,0.10942299999999983,0.0,27.6,14.0,0.245,10.0,0.011000000000000001,Russell Westbrook,2015-16,0.371,0.10942299999999983,0.0,27.6,14.0,0.245,10.0,0.011000000000000001
4,Kevin Durant,2015-16,0.11199999999999999,0.1010310000000005,0.0,28.2,14.5,0.27,7.9,0.025,Kevin Durant,2015-16,0.11199999999999999,0.1010310000000005,0.0,28.2,14.5,0.27,7.9,0.025
5,Chris Paul,2015-16,0.08199999999999999,0.13288099999999983,0.0,26.2,12.7,0.253,7.8,0.025,Chris Paul,2015-16,0.08199999999999999,0.13288099999999983,0.0,26.2,12.7,0.253,7.8,0.025
