,player,season,award_share,predictions,per,ws,ws_per_48,bpm,player,season,award_share,predictions,per,ws,ws_per_48,bpm
0,James Harden,2017-18,0.955,0.5436666666666666,29.8,15.4,0.289,10.9,James Harden,2017-18,0.955,0.5436666666666666,29.8,15.4,0.289,10.9
1,LeBron James,2017-18,0.731,0.04725,28.6,14.0,0.221,9.6,LeBron James,2017-18,0.731,0.04725,28.6,14.0,0.221,9.6
2,Anthony Davis,2017-18,0.441,0.028,28.9,13.7,0.24100000000000002,5.2,Anthony Davis,2017-18,0.441,0.028,28.9,13.7,0.24100000000000002,5.2
3,Damian Lillard,2017-18,0.205,0.007,25.2,12.6,0.22699999999999998,6.7,,,,,,,,
4,Russell Westbrook,2017-18,0.075,0.048999999999999995,24.7,10.1,0.166,8.2,Russell Westbrook,2017-18,0.075,0.048999999999999995,24.7,10.1,0.166,8.2
5,Giannis Antetokounmpo,2017-18,0.07400000000000001,0.007,27.3,11.9,0.207,5.8,,,,,,,,
7,,,,,,,,,DeMar DeRozan,2017-18,0.032,0.0735,21.0,9.6,0.17,1.8
10,,,,,,,,,Stephen Curry,2017-18,0.005,2.4570000000000003,28.2,9.1,0.267,8.6
