,player,season,award_share,predictions,votes_first,per,ws,ws_per_48,bpm,all_star_share,player,season,award_share,predictions,votes_first,per,ws,ws_per_48,bpm,all_star_share
0,Russell Westbrook,2016-17,0.879,0.9114559999999992,69.0,30.6,13.1,0.22399999999999998,15.6,0.033,Russell Westbrook,2016-17,0.879,0.9114559999999992,69.0,30.6,13.1,0.22399999999999998,15.6,0.033
1,James Harden,2016-17,0.746,0.614057000000001,22.0,27.4,15.0,0.245,10.1,0.019,James Harden,2016-17,0.746,0.614057000000001,22.0,27.4,15.0,0.245,10.1,0.019
2,Kawhi Leonard,2016-17,0.495,0.4025659999999993,9.0,27.6,13.6,0.264,7.9,0.034,Kawhi Leonard,2016-17,0.495,0.4025659999999993,9.0,27.6,13.6,0.264,7.9,0.034
3,LeBron James,2016-17,0.33,0.26081500000000213,1.0,27.0,12.9,0.221,8.4,0.047,LeBron James,2016-17,0.33,0.26081500000000213,1.0,27.0,12.9,0.221,8.4,0.047
4,Isaiah Thomas,2016-17,0.08,0.14921899999999944,0.0,26.5,12.5,0.23399999999999999,5.4,0.006999999999999999,Isaiah Thomas,2016-17,0.08,0.14921899999999944,0.0,26.5,12.5,0.23399999999999999,5.4,0.006999999999999999
5,Stephen Curry,2016-17,0.051,0.09933900000000015,0.0,24.6,12.6,0.22899999999999998,7.3,0.069,,,,,,,,,,
9,,,,,,,,,,,Kevin Durant,2016-17,0.002,0.19679100000000016,0.0,27.6,12.0,0.278,8.0,0.042
