,player,season,award_share,predictions,votes_first,per,ws,ws_per_48,bpm,all_star_share,player,season,award_share,predictions,votes_first,per,ws,ws_per_48,bpm,all_star_share
0,Russell Westbrook,2016-17,0.879,0.911680000000001,69.0,30.6,13.1,0.22399999999999998,15.6,0.033,Russell Westbrook,2016-17,0.879,0.911680000000001,69.0,30.6,13.1,0.22399999999999998,15.6,0.033
1,James Harden,2016-17,0.746,0.6140100000000006,22.0,27.4,15.0,0.245,10.1,0.019,James Harden,2016-17,0.746,0.6140100000000006,22.0,27.4,15.0,0.245,10.1,0.019
2,Kawhi Leonard,2016-17,0.495,0.3978519999999995,9.0,27.6,13.6,0.264,7.9,0.034,Kawhi Leonard,2016-17,0.495,0.3978519999999995,9.0,27.6,13.6,0.264,7.9,0.034
3,LeBron James,2016-17,0.33,0.29441700000000054,1.0,27.0,12.9,0.221,8.4,0.047,LeBron James,2016-17,0.33,0.29441700000000054,1.0,27.0,12.9,0.221,8.4,0.047
4,Isaiah Thomas,2016-17,0.08,0.13102799999999978,0.0,26.5,12.5,0.23399999999999999,5.4,0.006999999999999999,,,,,,,,,,
5,Stephen Curry,2016-17,0.051,0.15345600000000023,0.0,24.6,12.6,0.22899999999999998,7.3,0.069,Stephen Curry,2016-17,0.051,0.15345600000000023,0.0,24.6,12.6,0.22899999999999998,7.3,0.069
9,,,,,,,,,,,Kevin Durant,2016-17,0.002,0.26248199999999916,0.0,27.6,12.0,0.278,8.0,0.042
