,player,season,award_share,predictions,per,ws,ws_per_48,bpm,player,season,award_share,predictions,per,ws,ws_per_48,bpm
0,Russell Westbrook,2016-17,0.879,2.282,30.6,13.1,0.22399999999999998,15.6,Russell Westbrook,2016-17,0.879,2.282,30.6,13.1,0.22399999999999998,15.6
1,James Harden,2016-17,0.746,0.03266666666666667,27.4,15.0,0.245,10.1,James Harden,2016-17,0.746,0.03266666666666667,27.4,15.0,0.245,10.1
2,Kawhi Leonard,2016-17,0.495,0.0735,27.6,13.6,0.264,7.9,Kawhi Leonard,2016-17,0.495,0.0735,27.6,13.6,0.264,7.9
3,LeBron James,2016-17,0.33,0.0315,27.0,12.9,0.221,8.4,,,,,,,,
4,Isaiah Thomas,2016-17,0.08,0.007,26.5,12.5,0.23399999999999999,5.4,,,,,,,,
5,Stephen Curry,2016-17,0.051,0.049,24.6,12.6,0.22899999999999998,7.3,Stephen Curry,2016-17,0.051,0.049,24.6,12.6,0.22899999999999998,7.3
8,,,,,,,,,Anthony Davis,2016-17,0.002,0.03849999999999999,27.5,11.0,0.195,3.7
10,,,,,,,,,DeMar DeRozan,2016-17,0.001,0.112,24.0,9.0,0.166,0.9
